-- MySQL dump 10.13  Distrib 5.5.57, for debian-linux-gnu (armv7l)
--
-- Host: localhost    Database: usuarios
-- ------------------------------------------------------
-- Server version	5.5.57-0+deb8u1

/*!40101 SET @OLD_CHARACTER_SET_CLIENT=@@CHARACTER_SET_CLIENT */;
/*!40101 SET @OLD_CHARACTER_SET_RESULTS=@@CHARACTER_SET_RESULTS */;
/*!40101 SET @OLD_COLLATION_CONNECTION=@@COLLATION_CONNECTION */;
/*!40101 SET NAMES utf8 */;
/*!40103 SET @OLD_TIME_ZONE=@@TIME_ZONE */;
/*!40103 SET TIME_ZONE='+00:00' */;
/*!40014 SET @OLD_UNIQUE_CHECKS=@@UNIQUE_CHECKS, UNIQUE_CHECKS=0 */;
/*!40014 SET @OLD_FOREIGN_KEY_CHECKS=@@FOREIGN_KEY_CHECKS, FOREIGN_KEY_CHECKS=0 */;
/*!40101 SET @OLD_SQL_MODE=@@SQL_MODE, SQL_MODE='NO_AUTO_VALUE_ON_ZERO' */;
/*!40111 SET @OLD_SQL_NOTES=@@SQL_NOTES, SQL_NOTES=0 */;

--
-- Table structure for table `client`
--

DROP TABLE IF EXISTS `client`;
/*!40101 SET @saved_cs_client     = @@character_set_client */;
/*!40101 SET character_set_client = utf8 */;
CREATE TABLE `client` (
  `client_id` int(11) NOT NULL AUTO_INCREMENT,
  `name` varchar(40) NOT NULL,
  `cpf` varchar(11) NOT NULL,
  `last_name` varchar(40) NOT NULL,
  `birth_date` date NOT NULL,
  `phone` varchar(11) NOT NULL,
  PRIMARY KEY (`client_id`),
  UNIQUE KEY `cpf` (`cpf`)
) ENGINE=InnoDB AUTO_INCREMENT=115 DEFAULT CHARSET=utf8mb4;
/*!40101 SET character_set_client = @saved_cs_client */;

--
-- Dumping data for table `client`
--

LOCK TABLES `client` WRITE;
/*!40000 ALTER TABLE `client` DISABLE KEYS */;
INSERT INTO `client` VALUES (30,'lucas','01630308200','taba','1994-09-27','88195385'),(31,'Mateus','01231185228','Mangueira','1994-08-16','981474207'),(32,'Lucas','123','Taba','1998-03-07','123'),(33,'Gui','456','Gui','1989-03-07','456'),(34,'Bruno','77186826253','Silva','1984-08-19','981469900'),(35,'Admin','123456','Admin','1994-03-10','123'),(36,'Leoallan','12345689','Grimm','1988-04-13','984021164'),(37,'Antonio','89670566215','Augusto','1985-08-17','994509582'),(38,'Eduardo','00353765201','Castro','1991-05-31','992363882'),(39,'Rodrigo','07380144600','marques','1983-09-04','92982044780'),(40,'Pedro','79739261272','Muniz','1988-10-07','981188605'),(41,'Lucas','06630104978','Olindo','1988-12-15','984325572'),(42,'Ricardo','05885184500','Teixeira','1994-10-24','07199231403'),(43,'Michel','71684956234','Trindade','1982-03-14','92988113464'),(44,'Jussana','84727055287','Fonsceca','1989-12-04','982767105'),(45,'Átila','05895150632','Torres','1982-09-22','994132859'),(46,'Maria','13404997204','Emilia','1954-05-25','982337084'),(47,'Luiz','01276297262','Henrique','1993-11-06','981507568'),(48,'Igor','01388165228','Campos','1993-07-28','981407313'),(49,'Alefe','00314673261','Rodrigues','1996-12-13','993109730'),(50,'Elise','03083313209','Ketelin Rodrigues','1997-08-25','984354717'),(51,'Rodrigo','36978439827','Tiburcio','1987-12-03','993142054'),(52,'Tatiane','52493229215','marques','1982-10-12','993984618'),(53,'jenilson','870499200','aldeira','1987-03-18','9299493159'),(54,'Mateus','02652424289','Mota','1997-09-18','993223818'),(55,'Icaro','00545795206','Dolzane','1992-06-20','995344705'),(56,'Giulio','02143180284','Abreu','1995-11-03','993901222'),(57,'Matheus','01907605240','Zagury','1995-11-14','982448916'),(58,'Henrique','44111681204','Santos','1974-12-25','992283673'),(59,'nilzinea','58540202204','santos','1975-05-12','992112520'),(60,'lucas','99800047204','fialho','1990-10-19','981405691'),(61,'Marlon','08101741976','Beckert','1994-04-18','992843823'),(62,'Patricia','97931985249','Cristina','1987-11-03','992714988'),(63,'Luan','02012892299','Vasconcelos','1995-08-05','992326388'),(64,'Isaac','0408748278','Lima','1996-07-27','991432363'),(65,'Jose','33522677234','Carlos','1970-03-05','09799164438'),(66,'Magno','00887725279','Santos','1989-08-09','991345454'),(67,'gabriela','02791651292','garcia','1998-11-15','993696707'),(68,'Mateus','02104460212','Gomez','1998-01-28','991238146'),(69,'Ariane','01006639233','Evelin','1994-03-10','982331110'),(70,'Pamela','03294156200','Souza','1996-08-04','991622962'),(71,'Thais','02186375273','Angiolis','1997-10-18','993305536'),(72,'Robson','98222783220','Cortez','1990-11-25','994818146'),(73,'diego','94476039200','maciel','1992-07-30','981601000'),(74,'keiciane','01147744203','silva','1992-07-22','991331406'),(75,'Tomé ','02939966281','jesus','1998-08-12','93981126'),(76,'Helen','03498756265','Cristina','1995-10-24','993090940'),(77,'ruana','01576519244','carioca','1994-08-13','995253893'),(78,'Dyandra','98706977200','reis','1993-06-26','992788872'),(79,'julio','02311072269','uchoa','1995-06-26','994832496'),(80,'Luiza','01463937245','Ribeiro','1993-06-04','992854840'),(81,'tailana','02158273259','tavares','1995-06-17','992630239'),(82,'naira','84746696268','printes','1985-04-25','996139013'),(83,'jose','07738719427','silva','1989-05-01','993379903'),(84,'Bruno','85626503234','Guerreiro','1986-05-22','991474221'),(85,'Joao','86139800234','Brasil','1987-06-24','992288597'),(86,'Joyce','01934400246','Freitas','1995-11-15','993365135'),(87,'Thayra','01111049203','Thamela','1996-01-29','97984170823'),(88,'erica','01814485210','chaves','1993-06-28','995123498'),(89,'hellen','02020563258','cristina','1998-02-11','995093798'),(90,'daniel','02817140290','Carvalho ','1997-11-16','994881610'),(91,'Jander','90803833253','Mello','1988-03-26','993870026'),(92,'Antonio','04063696235','Junior','1998-11-27','981616350'),(93,'aldeide','98256181249','silva','1988-10-04','981315676'),(94,'Larissa ','01739238281','gomes','1993-11-08','995095471'),(95,'Alenka','83162240204','Rocha','1998-07-07','981655830'),(96,'Sandro ','41780710259','José ','1973-06-14','991965572'),(97,'Gustavo','02877729265','santos','1999-01-25','996024937'),(98,'Sandro','03487630265','willis','1998-01-18','991515129'),(99,'Franciana','03608038221','cristina','1999-03-22','981207193'),(100,'Thays','02992179221','Rodrigues','1997-11-22','993122828'),(101,'leane','00907682219','caetano','1990-12-08','993036930'),(102,'Taynara','05210136310','silvA','1991-02-10','981231461'),(103,'hualef','01890207250','sergio','1993-10-09','993869955'),(104,'Igor','01124351221','Araujo','1993-09-21','991677571'),(105,'Joab','76479366204','Bemergui','1984-06-14','994169937'),(106,'fabiola','88678636220','cavalcante','1983-04-11','992919170'),(107,'Lucas ','01172541264','Menezes ','1993-12-31','994851300'),(108,'Thyago','00727424297','Silva','1990-06-07','988548651'),(109,'Ramone','02300403226','Silva','1992-08-11','994060241'),(110,'Ruan','01136014250','Lima','1992-06-18','981783989'),(111,'Erica','76561496272','França ','1983-05-01','994820301'),(112,'Thiago','78393868220','Pitillo','1986-06-11','981000808'),(113,'Marcos','22222222222','Oliveira','1991-06-14','988888888'),(114,'Júlio ','51778920268','Sérgio ','1979-06-12','991939401');
/*!40000 ALTER TABLE `client` ENABLE KEYS */;
UNLOCK TABLES;

--
-- Table structure for table `orderLog`
--

DROP TABLE IF EXISTS `orderLog`;
/*!40101 SET @saved_cs_client     = @@character_set_client */;
/*!40101 SET character_set_client = utf8 */;
CREATE TABLE `orderLog` (
  `order_id` int(11) NOT NULL AUTO_INCREMENT,
  `order_date` varchar(10) NOT NULL,
  `client_id` int(11) NOT NULL,
  `order_time` varchar(8) NOT NULL,
  `new_value` int(11) NOT NULL,
  `current_value` int(11) NOT NULL,
  `description` varchar(15) NOT NULL,
  PRIMARY KEY (`order_id`)
) ENGINE=InnoDB AUTO_INCREMENT=869 DEFAULT CHARSET=latin1;
/*!40101 SET character_set_client = @saved_cs_client */;

--
-- Dumping data for table `orderLog`
--

LOCK TABLES `orderLog` WRITE;
/*!40000 ALTER TABLE `orderLog` DISABLE KEYS */;
INSERT INTO `orderLog` VALUES (24,'2018-03-07',30,'15:06:57',12,90781,''),(25,'2018-03-07',30,'15:09:18',20,92781,'cash'),(26,'2018-03-10',34,'13:09:39',10,1000,'cash'),(27,'2018-03-10',31,'13:25:51',20,2000,'credit'),(28,'2018-03-10',31,'13:55:59',10,2034,'cash'),(29,'2018-03-10',31,'14:00:08',20,2000,'cash'),(30,'2018-03-10',36,'18:27:15',1000,100000,'cash'),(31,'2018-03-10',37,'20:04:41',30,3000,'cash'),(32,'2018-03-10',38,'21:04:29',30,3000,'debt'),(33,'2018-03-10',39,'21:11:06',30,3000,'debt'),(34,'2018-03-10',39,'21:12:50',30,3000,'debt'),(35,'2018-03-10',40,'21:17:58',30,3000,'credit'),(36,'2018-03-10',41,'21:31:39',30,3000,'credit'),(37,'2018-03-10',42,'22:51:14',30,3000,'debt'),(38,'2018-03-10',40,'23:03:32',30,3000,'credit'),(39,'2018-03-10',43,'23:25:24',40,4000,'debt'),(40,'2018-03-10',42,'23:31:13',30,3385,'cash'),(41,'2018-03-10',44,'23:37:56',30,3000,'credit'),(42,'2018-03-11',45,'15:13:46',30,3000,'cash'),(43,'2018-03-11',46,'15:15:40',30,3000,'cash'),(44,'2018-03-11',47,'17:51:22',30,3000,'credit'),(45,'2018-03-13',48,'19:02:53',30,3000,'debt'),(46,'2018-03-13',49,'19:24:32',5,500,'cash'),(47,'2018-03-13',49,'19:25:32',5,1000,'cash'),(48,'2018-03-13',50,'19:27:16',5,500,'cash'),(49,'2018-03-13',33,'21:10:57',-5,15395,'cash'),(50,'2018-03-13',33,'21:31:37',1,15445,'cash'),(51,'2018-03-16',51,'18:58:32',17,1700,'debt'),(52,'2018-03-16',52,'19:51:45',4,400,'cash'),(53,'2018-03-16',53,'19:52:51',7,700,'cash'),(54,'2018-03-16',54,'20:01:57',2,200,'cash'),(55,'2018-03-16',52,'20:06:11',15,1611,'cash'),(56,'2018-03-16',55,'20:27:07',30,3000,'debt'),(57,'2018-03-16',55,'20:27:12',30,6000,'debt'),(58,'2018-03-16',55,'20:29:49',-30,2629,'cash'),(59,'2018-03-16',56,'20:38:42',2,200,'cash'),(60,'2018-03-16',57,'20:39:57',2,200,'cash'),(61,'2018-03-16',57,'20:41:31',2,400,'cash'),(62,'2018-03-16',52,'20:42:37',4,1030,'cash'),(63,'2018-03-16',52,'20:42:46',-4,630,'cash'),(64,'2018-03-16',58,'21:29:13',2,200,'cash'),(65,'2018-03-17',59,'21:15:10',2,200,'cash'),(66,'2018-03-17',61,'22:04:48',30,3000,'cash'),(67,'2018-03-19',62,'20:07:46',5,500,'cash'),(68,'2018-03-19',63,'20:10:20',5,500,'cash'),(69,'2018-03-19',64,'20:13:44',15,1500,'cash'),(70,'2018-03-19',65,'20:16:43',30,3000,'cash'),(71,'2018-03-19',65,'20:16:46',30,6000,'cash'),(72,'2018-03-19',65,'20:18:05',-30,3000,'cash'),(73,'2018-03-19',66,'20:21:39',10,1000,'cash'),(74,'2018-03-19',67,'20:24:19',7,700,'cash'),(75,'2018-03-19',48,'20:35:03',15,2539,'debt'),(76,'2018-03-19',68,'21:10:26',10,1000,'cash'),(77,'2018-03-19',69,'21:22:42',15,1500,'cash'),(78,'2018-03-19',70,'21:27:37',15,1500,'cash'),(79,'2018-03-19',71,'22:01:37',5,500,'cash'),(80,'2018-03-23',72,'17:51:13',11,1100,'cash'),(81,'2018-03-23',72,'18:13:02',10,1000,'cash'),(82,'2018-03-23',72,'18:15:42',10,1347,'cash'),(83,'2018-03-23',72,'18:18:34',-8,547,'cash'),(84,'2018-03-23',68,'18:22:24',10,1000,'cash'),(85,'2018-03-23',73,'19:31:47',32,3200,'credit'),(86,'2018-03-23',74,'19:46:36',32,3200,'cash'),(87,'2018-03-23',75,'19:54:52',30,3000,'debt'),(88,'2018-03-23',76,'20:03:26',17,1700,'cash'),(89,'2018-03-23',64,'20:05:35',1,821,'cash'),(90,'2018-03-23',77,'20:30:17',17,1700,'cash'),(91,'2018-03-23',72,'20:47:13',5,500,'cash'),(92,'2018-03-23',36,'20:57:13',10,1001,'cash'),(93,'2018-03-23',77,'20:57:58',20,2002,'cash'),(94,'2018-03-23',72,'21:13:47',6,600,'cash'),(95,'2018-03-23',78,'21:24:34',7,700,'cash'),(96,'2018-03-23',79,'21:28:54',7,700,'cash'),(97,'2018-03-23',80,'21:51:30',7,700,'cash'),(98,'2018-03-23',61,'21:53:15',20,2700,'cash'),(99,'2018-03-23',81,'22:03:01',7,700,'cash'),(100,'2018-03-23',82,'22:06:06',17,1700,'cash'),(101,'2018-03-23',83,'22:07:35',32,3200,'cash'),(102,'2018-03-23',84,'22:52:35',30,3000,'debt'),(103,'2018-03-23',41,'22:58:34',30,3000,'debt'),(104,'2018-03-23',85,'23:33:30',30,3000,'cash'),(105,'2018-02-24',0,'15:36:52',3000,3000,'CONSUMO'),(106,'2018-02-24',0,'15:45:32',0,2000,'CONSUMO'),(107,'2018-02-24',0,'15:47:50',2000,2000,'CONSUMO'),(108,'2018-02-24',0,'15:48:10',3000,3000,'CONSUMO'),(109,'2018-02-24',0,'15:50:09',2000,3000,'CONSUMO'),(110,'2018-02-24',31,'15:54:43',1545,2000,'CONSUMO'),(111,'2018-02-24',31,'15:58:44',45,1500,'CONSUMO'),(112,'2018-02-24',31,'15:59:02',250,1250,'CONSUMO'),(113,'2018-03-24',36,'18:55:42',3,300,'cash'),(114,'2018-03-24',36,'18:55:45',300,0,'CONSUMO'),(115,'2018-03-24',36,'18:56:08',0,0,'CONSUMO'),(116,'2018-03-24',36,'18:56:25',0,0,'CONSUMO'),(117,'2018-03-24',36,'18:56:52',3,300,'cash'),(118,'2018-03-24',36,'18:57:39',5,295,'CONSUMO'),(119,'2018-03-24',36,'18:58:26',295,0,'CONSUMO'),(120,'2018-03-24',37,'18:59:16',384,1406,'CONSUMO'),(121,'2018-03-24',37,'18:59:41',158,1248,'CONSUMO'),(122,'2018-03-24',31,'19:02:40',0,1250,'CONSUMO'),(123,'2018-03-24',37,'19:03:02',299,949,'CONSUMO'),(124,'2018-03-24',31,'19:04:29',0,1250,'CONSUMO'),(125,'2018-03-24',37,'19:04:32',30,3949,'cash'),(126,'2018-03-24',31,'19:05:52',124,1126,'CONSUMO'),(127,'2018-03-24',31,'19:06:20',0,1126,'CONSUMO'),(128,'2018-03-24',36,'19:13:28',0,0,'CONSUMO'),(129,'2018-03-24',31,'19:14:02',348,778,'CONSUMO'),(130,'2018-03-26',55,'17:38:47',19,1234,'CONSUMO'),(131,'2018-03-26',55,'17:39:35',220,1014,'CONSUMO'),(132,'2018-03-26',36,'18:18:15',0,0,'CONSUMO'),(133,'2018-03-26',36,'18:29:32',10,1000,'cash'),(134,'2018-03-26',41,'18:41:10',10,1442,'cash'),(135,'2018-03-26',36,'18:41:58',159,841,'CONSUMO'),(136,'2018-03-26',41,'18:42:28',232,1210,'CONSUMO'),(137,'2018-03-26',36,'18:43:05',192,649,'CONSUMO'),(138,'2018-03-26',41,'18:52:06',215,995,'CONSUMO'),(139,'2018-03-26',41,'18:59:38',185,810,'CONSUMO'),(140,'2018-03-26',41,'19:04:35',151,659,'CONSUMO'),(141,'2018-03-26',41,'19:13:22',181,478,'CONSUMO'),(142,'2018-03-26',36,'19:16:54',267,382,'CONSUMO'),(143,'2018-03-26',36,'19:22:42',0,382,'CONSUMO'),(144,'2018-03-26',41,'19:30:16',161,317,'CONSUMO'),(145,'2018-03-26',36,'19:35:17',0,382,'CONSUMO'),(146,'2018-03-26',36,'19:39:19',0,382,'CONSUMO'),(147,'2018-03-26',57,'19:41:02',0,0,'CONSUMO'),(148,'2018-03-26',86,'19:42:43',12,1200,'cash'),(149,'2018-03-26',86,'19:43:05',1,1300,'cash'),(150,'2018-03-26',86,'19:43:24',0,1300,'CONSUMO'),(151,'2018-03-26',87,'19:45:13',12,1200,'cash'),(152,'2018-03-26',36,'19:46:29',132,250,'CONSUMO'),(153,'2018-03-26',53,'19:47:04',264,133,'CONSUMO'),(154,'2018-03-26',87,'19:48:13',108,1092,'CONSUMO'),(155,'2018-03-26',57,'19:48:14',12,1200,'cash'),(156,'2018-03-26',86,'19:48:42',163,1137,'CONSUMO'),(157,'2018-03-26',57,'19:49:20',289,911,'CONSUMO'),(158,'2018-03-26',41,'19:50:03',31,286,'CONSUMO'),(159,'2018-03-26',41,'19:50:31',205,81,'CONSUMO'),(160,'2018-03-26',36,'19:50:52',118,132,'CONSUMO'),(161,'2018-03-26',36,'19:51:03',7,125,'CONSUMO'),(162,'2018-03-26',36,'19:51:17',55,70,'CONSUMO'),(163,'2018-03-26',86,'19:52:00',361,776,'CONSUMO'),(164,'2018-03-26',41,'19:58:27',81,0,'CONSUMO'),(165,'2018-03-26',88,'20:02:07',12,1200,'cash'),(166,'2018-03-26',88,'20:02:48',235,965,'CONSUMO'),(167,'2018-03-26',88,'20:03:24',298,667,'CONSUMO'),(168,'2018-03-26',88,'20:04:25',132,535,'CONSUMO'),(169,'2018-03-26',88,'20:04:45',117,418,'CONSUMO'),(170,'2018-03-26',89,'20:04:47',12,1200,'cash'),(171,'2018-03-26',89,'20:06:48',273,927,'CONSUMO'),(172,'2018-03-26',36,'20:07:25',69,1,'CONSUMO'),(173,'2018-03-26',86,'20:07:31',0,776,'CONSUMO'),(174,'2018-03-26',36,'20:07:35',0,1,'CONSUMO'),(175,'2018-03-26',36,'20:07:45',0,1,'CONSUMO'),(176,'2018-03-26',86,'20:08:03',141,635,'CONSUMO'),(177,'2018-03-26',87,'20:08:49',346,746,'CONSUMO'),(178,'2018-03-26',36,'20:09:09',0,1,'CONSUMO'),(179,'2018-03-26',36,'20:09:18',0,1,'CONSUMO'),(180,'2018-03-26',33,'20:09:44',249,2077,'CONSUMO'),(181,'2018-03-26',88,'20:10:04',142,276,'CONSUMO'),(182,'2018-03-26',89,'20:10:07',392,535,'CONSUMO'),(183,'2018-03-26',36,'20:12:08',0,1,'CONSUMO'),(184,'2018-03-26',36,'20:12:13',0,1,'CONSUMO'),(185,'2018-03-26',33,'20:12:31',0,2077,'CONSUMO'),(186,'2018-03-26',89,'20:12:57',268,267,'CONSUMO'),(187,'2018-03-26',90,'20:15:08',30,3000,'cash'),(188,'2018-03-26',90,'20:16:12',322,2678,'CONSUMO'),(189,'2018-03-26',90,'20:16:43',0,2678,'CONSUMO'),(190,'2018-03-26',86,'20:19:11',135,500,'CONSUMO'),(191,'2018-03-26',87,'20:23:41',399,347,'CONSUMO'),(192,'2018-03-26',36,'20:32:07',0,1,'CONSUMO'),(193,'2018-03-26',36,'20:36:19',0,1,'CONSUMO'),(194,'2018-03-26',33,'20:55:45',141,1936,'CONSUMO'),(195,'2018-03-26',88,'20:56:11',225,51,'CONSUMO'),(196,'2018-03-26',89,'20:56:41',258,9,'CONSUMO'),(197,'2018-03-26',88,'20:56:56',51,0,'CONSUMO'),(198,'2018-03-26',36,'20:57:32',0,1,'CONSUMO'),(199,'2018-03-26',36,'20:57:34',60,6001,'cash'),(200,'2018-03-26',91,'20:59:29',30,3000,'cash'),(201,'2018-03-26',91,'21:00:08',249,2751,'CONSUMO'),(202,'2018-03-26',36,'21:00:32',0,6001,'CONSUMO'),(203,'2018-03-26',91,'21:02:03',285,2466,'CONSUMO'),(204,'2018-03-26',91,'21:03:55',316,2150,'CONSUMO'),(205,'2018-03-26',92,'21:06:10',30,3000,'debt'),(206,'2018-03-26',36,'21:07:11',280,5721,'CONSUMO'),(207,'2018-03-26',92,'21:07:42',351,2649,'CONSUMO'),(208,'2018-03-26',92,'21:08:07',361,2288,'CONSUMO'),(209,'2018-03-26',92,'21:08:44',325,1963,'CONSUMO'),(210,'2018-03-26',91,'21:09:03',252,1898,'CONSUMO'),(211,'2018-03-26',33,'21:09:11',327,1609,'CONSUMO'),(212,'2018-03-26',36,'21:10:10',249,5472,'CONSUMO'),(213,'2018-03-26',36,'21:10:23',85,5387,'CONSUMO'),(214,'2018-03-26',33,'21:10:49',329,1280,'CONSUMO'),(215,'2018-03-26',91,'21:12:11',219,1679,'CONSUMO'),(216,'2018-03-26',91,'21:14:18',169,1510,'CONSUMO'),(217,'2018-03-26',70,'21:15:07',15,1688,'cash'),(218,'2018-03-26',70,'21:15:44',193,1495,'CONSUMO'),(219,'2018-03-26',70,'21:16:13',250,1245,'CONSUMO'),(220,'2018-03-26',70,'21:16:41',243,1002,'CONSUMO'),(221,'2018-03-26',70,'21:17:23',318,684,'CONSUMO'),(222,'2018-03-26',91,'21:17:49',219,1291,'CONSUMO'),(223,'2018-03-26',70,'21:20:06',201,483,'CONSUMO'),(224,'2018-03-26',91,'21:20:28',213,1078,'CONSUMO'),(225,'2018-03-26',91,'21:23:54',244,834,'CONSUMO'),(226,'2018-03-26',70,'21:25:34',307,176,'CONSUMO'),(227,'2018-03-26',70,'21:25:50',51,125,'CONSUMO'),(228,'2018-03-26',70,'21:29:39',10,1125,'cash'),(229,'2018-03-26',70,'21:30:11',213,912,'CONSUMO'),(230,'2018-03-26',91,'21:30:33',138,696,'CONSUMO'),(231,'2018-03-26',70,'21:30:58',159,753,'CONSUMO'),(232,'2018-03-26',70,'21:32:27',268,485,'CONSUMO'),(233,'2018-03-26',91,'21:35:29',190,506,'CONSUMO'),(234,'2018-03-26',70,'21:37:29',168,317,'CONSUMO'),(235,'2018-03-26',70,'21:38:09',195,122,'CONSUMO'),(236,'2018-03-26',93,'21:44:28',17,1700,'cash'),(237,'2018-03-26',91,'21:45:17',32,3706,'debt'),(238,'2018-03-26',70,'21:45:33',120,2,'CONSUMO'),(239,'2018-03-26',70,'21:46:02',7,702,'cash'),(240,'2018-03-26',93,'21:46:17',289,1411,'CONSUMO'),(241,'2018-03-26',93,'21:46:55',337,1074,'CONSUMO'),(242,'2018-03-26',33,'21:47:13',168,1112,'CONSUMO'),(243,'2018-03-26',70,'21:47:34',267,435,'CONSUMO'),(244,'2018-03-26',93,'21:47:35',168,906,'CONSUMO'),(245,'2018-03-26',93,'21:48:00',127,779,'CONSUMO'),(246,'2018-03-26',91,'21:48:46',513,3193,'CONSUMO'),(247,'2018-03-26',91,'21:53:35',283,2910,'CONSUMO'),(248,'2018-03-26',70,'21:54:06',282,153,'CONSUMO'),(249,'2018-03-26',70,'21:54:34',153,0,'CONSUMO'),(250,'2018-03-26',94,'21:58:27',2,200,'cash'),(251,'2018-03-26',94,'21:59:18',199,1,'CONSUMO'),(252,'2018-03-26',91,'22:04:41',486,2424,'CONSUMO'),(253,'2018-03-26',36,'22:10:11',0,5387,'CONSUMO'),(254,'2018-03-26',83,'22:11:55',88,1836,'CONSUMO'),(255,'2018-03-26',83,'22:12:15',178,1658,'CONSUMO'),(256,'2018-03-26',83,'22:12:30',34,1624,'CONSUMO'),(257,'2018-03-26',83,'22:13:00',303,1321,'CONSUMO'),(258,'2018-03-26',83,'22:14:07',118,1203,'CONSUMO'),(259,'2018-03-26',36,'22:17:33',0,5387,'CONSUMO'),(260,'2018-03-26',83,'22:18:01',0,1203,'CONSUMO'),(261,'2018-03-26',33,'22:18:19',254,858,'CONSUMO'),(262,'2018-03-26',83,'22:18:41',366,837,'CONSUMO'),(263,'2018-03-26',83,'22:20:51',0,837,'CONSUMO'),(264,'2018-03-26',95,'22:21:07',4,400,'cash'),(265,'2018-03-26',33,'22:21:18',283,575,'CONSUMO'),(266,'2018-03-26',83,'22:21:36',153,684,'CONSUMO'),(267,'2018-03-26',83,'22:21:54',306,378,'CONSUMO'),(268,'2018-03-26',95,'22:22:15',123,277,'CONSUMO'),(269,'2018-03-26',95,'22:22:52',30,247,'CONSUMO'),(270,'2018-03-26',95,'22:23:22',247,0,'CONSUMO'),(271,'2018-03-26',33,'22:24:29',97,478,'CONSUMO'),(272,'2018-03-28',33,'12:41:17',478,0,'CONSUMO'),(273,'2018-03-28',33,'12:42:49',100,10000,'cash'),(274,'2018-03-28',33,'12:43:29',0,10000,'CONSUMO'),(275,'2018-03-28',33,'12:44:09',618,9382,'CONSUMO'),(276,'2018-03-28',33,'12:45:41',343,9039,'CONSUMO'),(277,'2018-02-28',33,'18:53:18',1952,7087,'CONSUMO'),(278,'2018-02-28',33,'18:53:56',1401,5686,'CONSUMO'),(279,'2018-02-28',33,'18:54:24',984,4702,'CONSUMO'),(280,'2018-02-28',33,'18:54:40',219,4483,'CONSUMO'),(281,'2018-02-28',33,'18:55:02',573,3910,'CONSUMO'),(282,'2018-02-28',33,'18:55:12',1,3909,'CONSUMO'),(283,'2018-02-28',33,'18:55:22',1,3908,'CONSUMO'),(284,'2018-02-28',33,'18:55:34',0,3908,'CONSUMO'),(285,'2018-02-28',33,'18:55:45',1,3907,'CONSUMO'),(286,'2018-02-28',91,'18:56:08',156,2268,'CONSUMO'),(287,'2018-02-28',91,'18:56:51',117,2151,'CONSUMO'),(288,'2018-02-28',33,'18:56:59',334,3573,'CONSUMO'),(289,'2018-02-28',96,'19:00:09',12,1200,'cash'),(290,'2018-02-28',87,'19:00:25',11,1447,'cash'),(291,'2018-02-28',96,'19:03:27',0,1200,'CONSUMO'),(292,'2018-02-28',96,'19:03:56',216,984,'CONSUMO'),(293,'2018-02-28',87,'19:04:57',280,1167,'CONSUMO'),(294,'2018-02-28',96,'19:06:05',204,780,'CONSUMO'),(295,'2018-02-28',87,'19:07:18',196,971,'CONSUMO'),(296,'2018-02-28',96,'19:13:06',184,596,'CONSUMO'),(297,'2018-02-28',61,'19:17:52',0,2700,'CONSUMO'),(298,'2018-02-28',33,'19:18:21',260,3313,'CONSUMO'),(299,'2018-02-28',61,'19:18:47',188,2512,'CONSUMO'),(300,'2018-02-28',96,'19:32:48',172,424,'CONSUMO'),(301,'2018-02-28',61,'19:37:15',13,2499,'CONSUMO'),(302,'2018-02-28',61,'19:37:45',34,2465,'CONSUMO'),(303,'2018-02-28',33,'19:38:00',51,3262,'CONSUMO'),(304,'2018-02-28',61,'19:38:12',7,2458,'CONSUMO'),(305,'2018-02-28',61,'19:38:27',69,2389,'CONSUMO'),(306,'2018-02-28',61,'19:38:43',58,2331,'CONSUMO'),(307,'2018-02-28',61,'19:39:03',129,2202,'CONSUMO'),(308,'2018-02-28',96,'19:50:00',156,268,'CONSUMO'),(309,'2018-02-28',33,'19:52:03',119,3143,'CONSUMO'),(310,'2018-02-28',55,'19:52:42',261,753,'CONSUMO'),(311,'2018-02-28',97,'19:53:37',30,3000,'cash'),(312,'2018-02-28',55,'19:54:16',258,495,'CONSUMO'),(313,'2018-02-28',33,'19:54:24',129,3014,'CONSUMO'),(314,'2018-02-28',33,'19:54:43',171,2843,'CONSUMO'),(315,'2018-02-28',97,'19:55:13',390,2610,'CONSUMO'),(316,'2018-02-28',97,'19:56:12',401,2209,'CONSUMO'),(317,'2018-02-28',97,'19:56:57',370,1839,'CONSUMO'),(318,'2018-02-28',97,'19:57:27',403,1436,'CONSUMO'),(319,'2018-02-28',98,'19:58:05',0,0,'CONSUMO'),(320,'2018-02-28',98,'19:58:26',12,1200,'cash'),(321,'2018-02-28',55,'19:58:56',11,1595,'cash'),(322,'2018-02-28',61,'19:59:00',211,1991,'CONSUMO'),(323,'2018-02-28',98,'19:59:35',322,878,'CONSUMO'),(324,'2018-02-28',98,'20:00:11',464,414,'CONSUMO'),(325,'2018-02-28',93,'20:02:46',259,520,'CONSUMO'),(326,'2018-02-28',93,'20:03:22',294,226,'CONSUMO'),(327,'2018-02-28',93,'20:03:44',0,226,'CONSUMO'),(328,'2018-02-28',93,'20:04:32',226,0,'CONSUMO'),(329,'2018-02-28',93,'20:05:06',10,1000,'cash'),(330,'2018-02-28',93,'20:05:07',1000,0,'CONSUMO'),(331,'2018-02-28',93,'20:05:18',0,0,'CONSUMO'),(332,'2018-02-28',93,'20:05:30',0,0,'CONSUMO'),(333,'2018-02-28',93,'20:05:37',10,1000,'cash'),(334,'2018-02-28',93,'20:06:07',276,724,'CONSUMO'),(335,'2018-02-28',93,'20:07:03',0,724,'CONSUMO'),(336,'2018-02-28',99,'20:09:23',9,900,'cash'),(337,'2018-02-28',93,'20:09:40',0,724,'CONSUMO'),(338,'2018-02-28',93,'20:09:46',113,611,'CONSUMO'),(339,'2018-02-28',93,'20:10:04',176,435,'CONSUMO'),(340,'2018-02-28',93,'20:10:52',0,435,'CONSUMO'),(341,'2018-02-28',99,'20:12:21',0,900,'CONSUMO'),(342,'2018-02-28',99,'20:13:07',177,723,'CONSUMO'),(343,'2018-02-28',99,'20:14:06',-1,623,'cash'),(344,'2018-02-28',93,'20:15:08',295,140,'CONSUMO'),(345,'2018-02-28',82,'20:15:27',57,1027,'CONSUMO'),(346,'2018-02-28',100,'20:16:36',7,700,'cash'),(347,'2018-02-28',82,'20:16:54',270,757,'CONSUMO'),(348,'2018-02-28',93,'20:17:28',140,0,'CONSUMO'),(349,'2018-02-28',100,'20:18:13',207,493,'CONSUMO'),(350,'2018-02-28',33,'20:18:13',153,2690,'CONSUMO'),(351,'2018-02-28',93,'20:18:21',12,1200,'cash'),(352,'2018-02-28',82,'20:18:26',37,720,'CONSUMO'),(353,'2018-02-28',100,'20:18:44',220,273,'CONSUMO'),(354,'2018-02-28',33,'20:19:04',44,2646,'CONSUMO'),(355,'2018-02-28',82,'20:19:22',20,2720,'cash'),(356,'2018-02-28',82,'20:19:41',2224,496,'CONSUMO'),(357,'2018-02-28',82,'20:20:12',193,303,'CONSUMO'),(358,'2018-02-28',93,'20:20:50',0,1200,'CONSUMO'),(359,'2018-02-28',93,'20:21:07',247,953,'CONSUMO'),(360,'2018-02-28',93,'20:24:13',328,625,'CONSUMO'),(361,'2018-02-28',90,'20:24:51',72,2606,'CONSUMO'),(362,'2018-02-28',90,'20:25:25',229,2377,'CONSUMO'),(363,'2018-02-28',82,'20:25:54',303,0,'CONSUMO'),(364,'2018-02-28',82,'20:26:04',20,2000,'cash'),(365,'2018-02-28',93,'20:26:18',22,603,'CONSUMO'),(366,'2018-02-28',82,'20:26:24',47,1953,'CONSUMO'),(367,'2018-02-28',93,'20:26:42',166,437,'CONSUMO'),(368,'2018-02-28',33,'20:26:52',113,2533,'CONSUMO'),(369,'2018-02-28',93,'20:27:12',330,107,'CONSUMO'),(370,'2018-02-28',82,'20:27:28',96,1857,'CONSUMO'),(371,'2018-02-28',93,'20:27:28',107,0,'CONSUMO'),(372,'2018-02-28',33,'20:28:26',61,2472,'CONSUMO'),(373,'2018-02-28',91,'20:32:38',249,1902,'CONSUMO'),(374,'2018-02-28',93,'20:32:57',0,0,'CONSUMO'),(375,'2018-02-28',91,'20:33:38',160,1742,'CONSUMO'),(376,'2018-02-28',93,'20:33:52',10,1000,'cash'),(377,'2018-02-28',93,'20:34:38',319,681,'CONSUMO'),(378,'2018-02-28',70,'20:35:50',15,1500,'cash'),(379,'2018-02-28',70,'20:36:19',217,1283,'CONSUMO'),(380,'2018-02-28',91,'20:36:29',7,1735,'CONSUMO'),(381,'2018-02-28',91,'20:36:51',297,1438,'CONSUMO'),(382,'2018-02-28',70,'20:37:25',222,1061,'CONSUMO'),(383,'2018-02-28',70,'20:37:47',264,797,'CONSUMO'),(384,'2018-02-28',91,'20:38:09',303,1135,'CONSUMO'),(385,'2018-02-28',101,'20:39:40',32,3200,'cash'),(386,'2018-02-28',61,'20:39:48',198,1793,'CONSUMO'),(387,'2018-02-28',101,'20:40:08',0,3200,'CONSUMO'),(388,'2018-02-28',101,'20:40:43',208,2992,'CONSUMO'),(389,'2018-02-28',93,'20:41:23',171,510,'CONSUMO'),(390,'2018-02-28',33,'20:41:57',243,2229,'CONSUMO'),(391,'2018-02-28',101,'20:42:20',294,2698,'CONSUMO'),(392,'2018-02-28',93,'20:42:46',366,144,'CONSUMO'),(393,'2018-02-28',102,'20:42:53',30,3000,'debt'),(394,'2018-02-28',91,'20:43:08',283,852,'CONSUMO'),(395,'2018-02-28',93,'20:43:27',144,0,'CONSUMO'),(396,'2018-02-28',93,'20:43:39',0,0,'CONSUMO'),(397,'2018-02-28',101,'20:44:10',240,2458,'CONSUMO'),(398,'2018-02-28',70,'20:44:33',283,514,'CONSUMO'),(399,'2018-02-28',70,'20:45:04',178,336,'CONSUMO'),(400,'2018-02-28',102,'20:45:34',0,3000,'CONSUMO'),(401,'2018-02-28',102,'20:46:09',363,2637,'CONSUMO'),(402,'2018-02-28',101,'20:46:53',45,2413,'CONSUMO'),(403,'2018-02-28',101,'20:47:12',112,2301,'CONSUMO'),(404,'2018-02-28',103,'20:47:23',30,3000,'cash'),(405,'2018-02-28',91,'20:47:35',205,647,'CONSUMO'),(406,'2018-02-28',33,'20:49:21',237,1992,'CONSUMO'),(407,'2018-02-28',70,'20:49:36',243,93,'CONSUMO'),(408,'2018-02-28',103,'20:49:55',388,2612,'CONSUMO'),(409,'2018-02-28',101,'20:50:56',775,1526,'CONSUMO'),(410,'2018-02-28',91,'20:52:35',306,341,'CONSUMO'),(411,'2018-02-28',102,'20:53:14',328,2309,'CONSUMO'),(412,'2018-02-28',102,'20:57:13',313,1996,'CONSUMO'),(413,'2018-02-28',91,'20:58:31',271,70,'CONSUMO'),(414,'2018-02-28',91,'21:03:20',70,0,'CONSUMO'),(415,'2018-02-28',103,'21:05:10',136,2476,'CONSUMO'),(416,'2018-02-28',91,'21:05:54',20,2000,'cash'),(417,'2018-02-28',91,'21:05:58',2000,0,'CONSUMO'),(418,'2018-02-28',91,'21:06:12',0,0,'CONSUMO'),(419,'2018-02-28',91,'21:06:30',0,0,'CONSUMO'),(420,'2018-02-28',91,'21:06:38',20,2000,'cash'),(421,'2018-02-28',91,'21:06:51',1,2100,'cash'),(422,'2018-02-28',91,'21:07:00',350,1750,'CONSUMO'),(423,'2018-02-28',103,'21:07:31',146,2330,'CONSUMO'),(424,'2018-02-28',91,'21:07:32',69,1681,'CONSUMO'),(425,'2018-02-28',33,'21:08:05',102,1890,'CONSUMO'),(426,'2018-02-28',33,'21:08:31',210,1680,'CONSUMO'),(427,'2018-02-28',33,'21:09:08',112,1568,'CONSUMO'),(428,'2018-02-28',91,'21:09:09',309,1372,'CONSUMO'),(429,'2018-02-28',102,'21:13:19',35,1961,'CONSUMO'),(430,'2018-02-28',102,'21:13:39',129,1832,'CONSUMO'),(431,'2018-02-28',91,'21:14:15',299,1073,'CONSUMO'),(432,'2018-02-28',91,'21:14:40',164,909,'CONSUMO'),(433,'2018-02-28',33,'21:22:19',64,1504,'CONSUMO'),(434,'2018-02-28',103,'21:22:46',212,2118,'CONSUMO'),(435,'2018-02-28',91,'21:23:43',222,687,'CONSUMO'),(436,'2018-02-28',33,'21:29:36',124,1380,'CONSUMO'),(437,'2018-02-28',102,'21:30:05',265,1567,'CONSUMO'),(438,'2018-02-28',91,'21:31:52',326,361,'CONSUMO'),(439,'2018-02-28',103,'21:32:16',25,2093,'CONSUMO'),(440,'2018-02-28',103,'21:32:37',8,2085,'CONSUMO'),(441,'2018-02-28',103,'21:33:09',124,1961,'CONSUMO'),(442,'2018-02-28',33,'21:40:41',90,1290,'CONSUMO'),(443,'2018-02-28',103,'21:41:11',268,1693,'CONSUMO'),(444,'2018-02-28',103,'21:41:51',328,1365,'CONSUMO'),(445,'2018-02-28',77,'21:42:17',5,501,'cash'),(446,'2018-02-28',77,'21:42:41',0,501,'CONSUMO'),(447,'2018-02-28',33,'21:43:17',333,957,'CONSUMO'),(448,'2018-02-28',77,'21:43:58',500,1,'CONSUMO'),(449,'2018-02-28',91,'21:44:45',161,200,'CONSUMO'),(450,'2018-02-28',91,'21:45:28',198,2,'CONSUMO'),(451,'2018-02-28',33,'21:45:43',237,720,'CONSUMO'),(452,'2018-02-28',70,'21:45:43',10,1093,'cash'),(453,'2018-02-28',102,'21:48:16',37,1530,'CONSUMO'),(454,'2018-02-28',102,'21:48:53',408,1122,'CONSUMO'),(455,'2018-02-28',91,'21:51:11',1,1,'CONSUMO'),(456,'2018-02-28',70,'21:51:26',0,1093,'CONSUMO'),(457,'2018-02-28',70,'21:51:44',0,1093,'CONSUMO'),(458,'2018-02-28',33,'21:52:08',1,719,'CONSUMO'),(459,'2018-02-28',33,'21:52:18',0,719,'CONSUMO'),(460,'2018-02-28',33,'21:52:29',1,718,'CONSUMO'),(461,'2018-02-28',33,'21:53:19',79,639,'CONSUMO'),(462,'2018-02-28',70,'21:53:36',209,884,'CONSUMO'),(463,'2018-02-28',103,'21:54:02',384,981,'CONSUMO'),(464,'2018-02-28',103,'21:54:22',265,716,'CONSUMO'),(465,'2018-02-28',91,'21:54:43',30,3001,'cash'),(466,'2018-02-28',91,'21:55:20',374,2627,'CONSUMO'),(467,'2018-02-28',70,'21:56:05',200,684,'CONSUMO'),(468,'2018-02-28',70,'21:58:50',139,545,'CONSUMO'),(469,'2018-02-28',33,'22:00:21',85,554,'CONSUMO'),(470,'2018-02-28',33,'22:00:50',549,5,'CONSUMO'),(471,'2018-02-28',91,'22:03:58',275,2352,'CONSUMO'),(472,'2018-02-28',91,'22:04:19',248,2104,'CONSUMO'),(473,'2018-02-28',33,'22:07:32',5,0,'CONSUMO'),(474,'2018-02-28',103,'22:07:53',193,523,'CONSUMO'),(475,'2018-02-28',70,'22:08:12',209,336,'CONSUMO'),(476,'2018-02-28',91,'22:09:12',205,1899,'CONSUMO'),(477,'2018-02-28',103,'22:09:36',401,122,'CONSUMO'),(478,'2018-02-28',70,'22:11:45',176,160,'CONSUMO'),(479,'2018-02-28',91,'22:12:48',78,1821,'CONSUMO'),(480,'2018-02-28',33,'22:13:05',0,0,'CONSUMO'),(481,'2018-02-28',33,'22:13:29',30,3000,'cash'),(482,'2018-02-28',70,'22:14:05',0,160,'CONSUMO'),(483,'2018-02-28',33,'22:14:21',73,2927,'CONSUMO'),(484,'2018-03-29',36,'18:34:03',32,5355,'CONSUMO'),(485,'2018-03-29',36,'18:34:48',3,5352,'CONSUMO'),(486,'2018-03-29',36,'18:39:43',0,5352,'CONSUMO'),(487,'2018-03-29',36,'18:40:18',0,5352,'CONSUMO'),(488,'2018-03-29',91,'18:45:28',279,1542,'CONSUMO'),(489,'2018-03-29',91,'18:47:14',117,1425,'CONSUMO'),(490,'2018-03-29',91,'18:49:24',213,1212,'CONSUMO'),(491,'2018-03-29',36,'18:50:06',0,5352,'CONSUMO'),(492,'2018-03-29',104,'18:52:42',18,1800,'cash'),(493,'2018-03-29',104,'18:53:33',349,1451,'CONSUMO'),(494,'2018-03-29',104,'18:55:45',1,1551,'cash'),(495,'2018-03-29',104,'18:56:50',0,1551,'CONSUMO'),(496,'2018-03-29',105,'18:57:01',30,3000,'debt'),(497,'2018-03-29',33,'18:58:12',475,2452,'CONSUMO'),(498,'2018-03-29',105,'18:58:29',18,2982,'CONSUMO'),(499,'2018-03-29',105,'18:58:53',327,2655,'CONSUMO'),(500,'2018-03-29',104,'19:02:36',130,1421,'CONSUMO'),(501,'2018-03-29',104,'19:08:03',232,1189,'CONSUMO'),(502,'2018-03-29',33,'19:19:21',212,2240,'CONSUMO'),(503,'2018-03-29',33,'19:20:09',425,1815,'CONSUMO'),(504,'2018-03-29',105,'19:20:57',244,2411,'CONSUMO'),(505,'2018-03-29',33,'19:21:00',457,1358,'CONSUMO'),(506,'2018-03-29',104,'19:21:33',346,843,'CONSUMO'),(507,'2018-03-29',105,'19:22:48',10,3411,'cash'),(508,'2018-03-29',105,'19:24:03',394,3017,'CONSUMO'),(509,'2018-03-29',33,'19:30:01',345,1013,'CONSUMO'),(510,'2018-03-29',105,'19:30:27',333,2684,'CONSUMO'),(511,'2018-03-29',104,'19:32:44',172,671,'CONSUMO'),(512,'2018-03-29',105,'19:36:58',409,2275,'CONSUMO'),(513,'2018-03-29',104,'19:39:18',103,568,'CONSUMO'),(514,'2018-03-29',105,'19:42:38',168,2107,'CONSUMO'),(515,'2018-03-29',33,'19:45:54',180,833,'CONSUMO'),(516,'2018-03-29',105,'19:46:17',275,1832,'CONSUMO'),(517,'2018-03-29',33,'19:46:32',132,701,'CONSUMO'),(518,'2018-03-29',36,'19:47:06',340,5012,'CONSUMO'),(519,'2018-03-29',36,'19:48:27',12,5000,'CONSUMO'),(520,'2018-03-29',36,'19:48:46',172,4828,'CONSUMO'),(521,'2018-03-29',105,'19:50:17',246,1586,'CONSUMO'),(522,'2018-03-29',104,'19:50:36',183,385,'CONSUMO'),(523,'2018-03-29',33,'19:50:40',453,248,'CONSUMO'),(524,'2018-03-29',33,'19:53:28',246,2,'CONSUMO'),(525,'2018-03-29',33,'19:53:41',2,0,'CONSUMO'),(526,'2018-03-29',36,'19:54:01',117,4711,'CONSUMO'),(527,'2018-03-29',98,'19:54:29',0,414,'CONSUMO'),(528,'2018-03-29',36,'19:54:42',51,4660,'CONSUMO'),(529,'2018-03-29',55,'19:55:09',312,1283,'CONSUMO'),(530,'2018-03-29',52,'19:55:14',0,630,'CONSUMO'),(531,'2018-03-29',33,'19:55:17',100,10000,'cash'),(532,'2018-03-29',98,'19:55:28',141,273,'CONSUMO'),(533,'2018-03-29',52,'19:55:55',425,205,'CONSUMO'),(534,'2018-03-29',105,'19:56:02',228,1358,'CONSUMO'),(535,'2018-03-29',54,'19:56:35',5,500,'cash'),(536,'2018-03-29',91,'19:56:41',337,875,'CONSUMO'),(537,'2018-03-29',52,'19:56:59',0,205,'CONSUMO'),(538,'2018-03-29',55,'19:57:09',270,1013,'CONSUMO'),(539,'2018-03-29',54,'19:57:38',294,206,'CONSUMO'),(540,'2018-03-29',52,'19:58:02',205,0,'CONSUMO'),(541,'2018-03-29',105,'19:58:16',217,1141,'CONSUMO'),(542,'2018-03-29',104,'19:58:22',151,234,'CONSUMO'),(543,'2018-03-29',91,'19:59:02',282,593,'CONSUMO'),(544,'2018-03-29',91,'19:59:43',61,532,'CONSUMO'),(545,'2018-03-29',106,'20:00:21',2,200,'cash'),(546,'2018-03-29',36,'20:00:55',90,4570,'CONSUMO'),(547,'2018-03-29',54,'20:01:17',206,0,'CONSUMO'),(548,'2018-03-29',106,'20:01:28',200,0,'CONSUMO'),(549,'2018-03-29',36,'20:02:03',444,4126,'CONSUMO'),(550,'2018-03-29',91,'20:02:34',322,210,'CONSUMO'),(551,'2018-03-29',54,'20:02:45',0,0,'CONSUMO'),(552,'2018-03-29',107,'20:03:03',2,200,'cash'),(553,'2018-03-29',36,'20:04:02',178,3948,'CONSUMO'),(554,'2018-03-29',107,'20:07:10',200,0,'CONSUMO'),(555,'2018-03-29',104,'20:09:14',150,84,'CONSUMO'),(556,'2018-03-29',91,'20:09:51',210,0,'CONSUMO'),(557,'2018-03-29',108,'20:11:35',8,800,'cash'),(558,'2018-03-29',36,'20:11:53',77,3871,'CONSUMO'),(559,'2018-03-29',91,'20:12:15',30,3000,'cash'),(560,'2018-03-29',108,'20:12:24',257,543,'CONSUMO'),(561,'2018-03-29',105,'20:14:09',304,837,'CONSUMO'),(562,'2018-03-29',109,'20:15:04',18,1800,'cash'),(563,'2018-03-29',83,'20:15:13',10,1378,'cash'),(564,'2018-03-29',33,'20:15:41',115,9885,'CONSUMO'),(565,'2018-03-29',109,'20:16:16',417,1383,'CONSUMO'),(566,'2018-03-29',109,'20:16:52',477,906,'CONSUMO'),(567,'2018-03-29',83,'20:17:36',356,1022,'CONSUMO'),(568,'2018-03-29',83,'20:18:06',392,630,'CONSUMO'),(569,'2018-03-29',83,'20:18:33',151,479,'CONSUMO'),(570,'2018-03-29',107,'20:18:44',10,1000,'cash'),(571,'2018-03-29',108,'20:19:09',385,158,'CONSUMO'),(572,'2018-03-29',69,'20:19:34',55,781,'CONSUMO'),(573,'2018-03-29',70,'20:19:47',10,1160,'cash'),(574,'2018-03-29',91,'20:19:51',295,2705,'CONSUMO'),(575,'2018-03-29',91,'20:20:22',234,2471,'CONSUMO'),(576,'2018-03-29',107,'20:21:08',400,600,'CONSUMO'),(577,'2018-03-29',70,'20:21:31',207,953,'CONSUMO'),(578,'2018-03-29',69,'20:21:57',120,661,'CONSUMO'),(579,'2018-03-29',69,'20:22:22',212,449,'CONSUMO'),(580,'2018-03-29',33,'20:22:42',149,9736,'CONSUMO'),(581,'2018-03-29',91,'20:23:03',303,2168,'CONSUMO'),(582,'2018-03-29',102,'20:23:58',354,768,'CONSUMO'),(583,'2018-03-29',109,'20:24:14',6,900,'CONSUMO'),(584,'2018-03-29',109,'20:24:42',250,650,'CONSUMO'),(585,'2018-03-29',109,'20:25:08',298,352,'CONSUMO'),(586,'2018-03-29',104,'20:26:07',84,0,'CONSUMO'),(587,'2018-03-29',105,'20:26:11',243,594,'CONSUMO'),(588,'2018-03-29',83,'20:26:49',169,310,'CONSUMO'),(589,'2018-03-29',83,'20:27:03',0,310,'CONSUMO'),(590,'2018-03-29',83,'20:27:21',102,208,'CONSUMO'),(591,'2018-03-29',105,'20:29:51',210,384,'CONSUMO'),(592,'2018-03-29',33,'20:30:11',0,9736,'CONSUMO'),(593,'2018-03-29',70,'20:30:41',334,619,'CONSUMO'),(594,'2018-03-29',70,'20:31:11',150,469,'CONSUMO'),(595,'2018-03-29',70,'20:31:32',214,255,'CONSUMO'),(596,'2018-03-29',83,'20:32:20',208,0,'CONSUMO'),(597,'2018-03-29',33,'20:35:04',147,9589,'CONSUMO'),(598,'2018-03-29',105,'20:35:22',73,311,'CONSUMO'),(599,'2018-03-29',105,'20:36:00',163,148,'CONSUMO'),(600,'2018-03-29',105,'20:36:37',129,19,'CONSUMO'),(601,'2018-03-29',105,'20:36:49',19,0,'CONSUMO'),(602,'2018-03-29',70,'20:39:47',139,116,'CONSUMO'),(603,'2018-03-29',110,'20:40:02',3,300,'cash'),(604,'2018-03-29',105,'20:40:55',0,0,'CONSUMO'),(605,'2018-03-29',69,'20:40:56',381,68,'CONSUMO'),(606,'2018-03-29',105,'20:41:18',30,3000,'debt'),(607,'2018-03-29',110,'20:41:30',300,0,'CONSUMO'),(608,'2018-03-29',70,'20:41:37',5,616,'cash'),(609,'2018-03-29',105,'20:41:52',264,2736,'CONSUMO'),(610,'2018-03-29',70,'20:42:20',237,379,'CONSUMO'),(611,'2018-03-29',110,'20:42:34',0,0,'CONSUMO'),(612,'2018-03-29',105,'20:42:50',187,2549,'CONSUMO'),(613,'2018-03-29',105,'20:43:13',304,2245,'CONSUMO'),(614,'2018-03-29',109,'20:47:32',193,159,'CONSUMO'),(615,'2018-03-29',105,'20:50:04',178,2067,'CONSUMO'),(616,'2018-03-29',104,'20:50:30',10,1000,'cash'),(617,'2018-03-29',104,'20:50:56',355,645,'CONSUMO'),(618,'2018-03-29',111,'20:56:16',8,800,'debt'),(619,'2018-03-29',111,'20:57:37',334,466,'CONSUMO'),(620,'2018-03-29',104,'20:57:46',1,745,'cash'),(621,'2018-03-29',105,'20:58:28',327,1740,'CONSUMO'),(622,'2018-03-29',111,'21:08:08',0,466,'CONSUMO'),(623,'2018-03-29',111,'21:08:24',49,417,'CONSUMO'),(624,'2018-03-29',109,'21:08:33',159,0,'CONSUMO'),(625,'2018-03-29',111,'21:08:52',294,123,'CONSUMO'),(626,'2018-03-29',104,'21:09:22',391,354,'CONSUMO'),(627,'2018-03-29',105,'21:09:34',99,1641,'CONSUMO'),(628,'2018-03-29',33,'21:09:53',183,9406,'CONSUMO'),(629,'2018-03-29',105,'21:10:16',266,1375,'CONSUMO'),(630,'2018-03-29',36,'21:10:45',183,3688,'CONSUMO'),(631,'2018-03-29',105,'21:16:51',108,1267,'CONSUMO'),(632,'2018-03-29',105,'21:22:42',210,1057,'CONSUMO'),(633,'2018-03-29',111,'21:24:44',123,0,'CONSUMO'),(634,'2018-03-29',111,'21:25:50',0,0,'CONSUMO'),(635,'2018-03-29',105,'21:26:12',412,645,'CONSUMO'),(636,'2018-03-29',112,'21:26:51',30,3000,'debt'),(637,'2018-03-29',105,'21:27:04',97,548,'CONSUMO'),(638,'2018-03-29',105,'21:27:15',19,529,'CONSUMO'),(639,'2018-03-29',36,'21:27:43',120,3568,'CONSUMO'),(640,'2018-03-29',36,'21:28:35',163,3405,'CONSUMO'),(641,'2018-03-29',111,'21:28:48',0,0,'CONSUMO'),(642,'2018-03-29',33,'21:29:08',0,9406,'CONSUMO'),(643,'2018-03-29',33,'21:29:26',510,8896,'CONSUMO'),(644,'2018-03-29',112,'21:29:39',0,3000,'CONSUMO'),(645,'2018-03-29',33,'21:29:49',255,8641,'CONSUMO'),(646,'2018-03-29',33,'21:30:14',267,8374,'CONSUMO'),(647,'2018-03-29',104,'21:30:36',213,141,'CONSUMO'),(648,'2018-03-29',112,'21:30:57',97,2903,'CONSUMO'),(649,'2018-03-29',112,'21:31:17',34,2869,'CONSUMO'),(650,'2018-03-29',112,'21:31:38',43,2826,'CONSUMO'),(651,'2018-03-29',112,'21:31:49',59,2767,'CONSUMO'),(652,'2018-03-29',33,'21:32:13',180,8194,'CONSUMO'),(653,'2018-03-29',105,'21:32:16',201,328,'CONSUMO'),(654,'2018-03-29',112,'21:32:28',73,2694,'CONSUMO'),(655,'2018-03-29',112,'21:32:45',52,2642,'CONSUMO'),(656,'2018-03-29',112,'21:33:19',219,2423,'CONSUMO'),(657,'2018-03-29',112,'21:33:29',37,2386,'CONSUMO'),(658,'2018-03-29',112,'21:33:57',99,2287,'CONSUMO'),(659,'2018-03-29',33,'21:37:03',163,8031,'CONSUMO'),(660,'2018-03-29',105,'21:37:28',322,6,'CONSUMO'),(661,'2018-03-29',36,'21:38:05',328,3077,'CONSUMO'),(662,'2018-03-29',112,'21:38:20',356,1931,'CONSUMO'),(663,'2018-03-29',105,'21:39:00',6,0,'CONSUMO'),(664,'2018-03-29',112,'21:39:52',234,1697,'CONSUMO'),(665,'2018-03-29',112,'21:45:48',0,1697,'CONSUMO'),(666,'2018-03-29',112,'21:46:10',0,1697,'CONSUMO'),(667,'2018-03-29',112,'21:46:35',99,1598,'CONSUMO'),(668,'2018-03-29',112,'21:47:57',163,1435,'CONSUMO'),(669,'2018-03-29',114,'21:48:16',3,300,'cash'),(670,'2018-03-29',114,'21:48:52',66,234,'CONSUMO'),(671,'2018-03-29',114,'21:49:44',234,0,'CONSUMO'),(672,'2018-03-29',36,'21:53:21',705,2372,'CONSUMO'),(673,'2018-03-29',112,'21:54:22',106,1329,'CONSUMO'),(674,'2018-03-29',33,'21:54:40',94,7937,'CONSUMO'),(675,'2018-03-29',104,'21:55:23',141,0,'CONSUMO'),(676,'2018-03-29',70,'21:55:52',279,100,'CONSUMO'),(677,'2018-03-29',69,'21:57:04',68,0,'CONSUMO'),(678,'2018-03-29',69,'21:57:36',2,200,'cash'),(679,'2018-03-29',69,'21:58:00',198,2,'CONSUMO'),(680,'2018-03-29',33,'22:00:04',93,7844,'CONSUMO'),(681,'2018-03-29',112,'22:00:24',196,1133,'CONSUMO'),(682,'2018-03-29',112,'22:02:38',145,988,'CONSUMO'),(683,'2018-03-29',114,'22:02:59',5,500,'cash'),(684,'2018-03-29',114,'22:03:35',264,236,'CONSUMO'),(685,'2018-03-29',112,'22:07:26',256,732,'CONSUMO'),(686,'2018-03-29',114,'22:14:04',236,0,'CONSUMO'),(687,'2018-03-29',114,'22:14:13',0,0,'CONSUMO'),(688,'2018-03-29',114,'22:14:22',0,0,'CONSUMO'),(689,'2018-03-29',114,'22:14:31',0,0,'CONSUMO'),(690,'2018-03-29',114,'22:24:49',0,0,'CONSUMO'),(691,'2018-03-29',33,'22:25:13',273,7571,'CONSUMO'),(692,'2018-03-29',114,'22:25:34',2,200,'cash'),(693,'2018-03-30',36,'10:37:03',3,2369,'CONSUMO'),(694,'2018-03-30',36,'10:37:28',282,2087,'CONSUMO'),(695,'2018-03-30',36,'10:37:49',163,1924,'CONSUMO'),(696,'2018-03-30',36,'10:41:15',186,1738,'CONSUMO'),(697,'2018-03-30',36,'10:47:21',171,1567,'CONSUMO'),(698,'2018-03-30',36,'10:54:10',168,1399,'CONSUMO'),(699,'2018-03-30',36,'11:07:14',133,1266,'CONSUMO'),(700,'2018-03-30',36,'11:07:27',79,1187,'CONSUMO'),(701,'2018-03-30',36,'11:07:42',46,1141,'CONSUMO'),(702,'2018-03-30',36,'11:20:49',132,1009,'CONSUMO'),(703,'2018-03-30',36,'11:21:02',66,943,'CONSUMO'),(704,'2018-03-30',36,'11:28:15',70,873,'CONSUMO'),(705,'2018-03-30',36,'11:28:40',85,788,'CONSUMO'),(706,'2018-03-30',36,'11:40:58',88,700,'CONSUMO'),(707,'2018-03-30',36,'11:41:11',37,663,'CONSUMO'),(708,'2018-03-30',36,'11:41:47',163,500,'CONSUMO'),(709,'2018-03-30',36,'11:42:36',118,382,'CONSUMO'),(710,'2018-03-30',36,'11:51:42',139,243,'CONSUMO'),(711,'2018-03-30',36,'12:59:04',42,201,'CONSUMO'),(712,'2018-03-30',36,'12:59:23',130,71,'CONSUMO'),(713,'2018-03-30',36,'13:03:57',71,0,'CONSUMO'),(714,'2018-03-30',36,'13:06:16',20,2000,'cash'),(715,'2018-03-30',36,'13:06:43',181,1819,'CONSUMO'),(716,'2018-03-30',36,'13:07:24',139,1680,'CONSUMO'),(717,'2018-03-30',36,'13:19:32',151,1529,'CONSUMO'),(718,'2018-03-30',36,'13:19:50',151,1378,'CONSUMO'),(719,'2018-03-30',36,'13:33:21',255,1123,'CONSUMO'),(720,'2018-03-30',36,'13:34:19',76,1047,'CONSUMO'),(721,'2018-03-30',36,'13:35:26',76,971,'CONSUMO'),(722,'2018-03-30',36,'13:35:39',37,934,'CONSUMO'),(723,'2018-03-30',36,'13:35:58',0,934,'CONSUMO'),(724,'2018-03-30',36,'13:36:17',0,934,'CONSUMO'),(725,'2018-03-30',36,'13:36:36',0,934,'CONSUMO'),(726,'2018-03-30',36,'13:36:55',0,934,'CONSUMO'),(727,'2018-03-30',36,'13:37:13',0,934,'CONSUMO'),(728,'2018-03-30',36,'13:37:32',0,934,'CONSUMO'),(729,'2018-03-30',36,'13:37:51',0,934,'CONSUMO'),(730,'2018-03-30',36,'13:38:10',0,934,'CONSUMO'),(731,'2018-03-30',36,'13:38:29',0,934,'CONSUMO'),(732,'2018-03-30',36,'13:38:48',0,934,'CONSUMO'),(733,'2018-03-30',36,'13:39:07',0,934,'CONSUMO'),(734,'2018-03-30',36,'13:39:25',0,934,'CONSUMO'),(735,'2018-03-30',36,'13:39:44',0,934,'CONSUMO'),(736,'2018-03-30',36,'13:40:03',0,934,'CONSUMO'),(737,'2018-03-30',36,'13:40:22',0,934,'CONSUMO'),(738,'2018-03-30',36,'13:40:41',0,934,'CONSUMO'),(739,'2018-03-30',36,'13:41:00',0,934,'CONSUMO'),(740,'2018-03-30',36,'13:41:19',0,934,'CONSUMO'),(741,'2018-03-30',36,'13:41:38',0,934,'CONSUMO'),(742,'2018-03-30',36,'13:41:56',0,934,'CONSUMO'),(743,'2018-03-30',36,'13:42:15',0,934,'CONSUMO'),(744,'2018-03-30',36,'13:42:34',0,934,'CONSUMO'),(745,'2018-03-30',36,'13:42:53',0,934,'CONSUMO'),(746,'2018-03-30',36,'13:43:12',0,934,'CONSUMO'),(747,'2018-03-30',36,'13:43:31',0,934,'CONSUMO'),(748,'2018-03-30',36,'13:43:50',0,934,'CONSUMO'),(749,'2018-03-30',36,'13:44:08',0,934,'CONSUMO'),(750,'2018-03-30',36,'13:44:27',0,934,'CONSUMO'),(751,'2018-03-30',36,'13:44:46',0,934,'CONSUMO'),(752,'2018-03-30',36,'13:45:05',0,934,'CONSUMO'),(753,'2018-03-30',36,'13:45:24',0,934,'CONSUMO'),(754,'2018-03-30',36,'13:45:43',0,934,'CONSUMO'),(755,'2018-03-30',36,'13:46:01',0,934,'CONSUMO'),(756,'2018-03-30',36,'13:46:20',0,934,'CONSUMO'),(757,'2018-03-30',36,'13:46:39',0,934,'CONSUMO'),(758,'2018-03-30',36,'13:46:58',0,934,'CONSUMO'),(759,'2018-03-30',36,'13:47:17',0,934,'CONSUMO'),(760,'2018-03-30',36,'13:47:36',0,934,'CONSUMO'),(761,'2018-03-30',36,'13:47:54',0,934,'CONSUMO'),(762,'2018-03-30',36,'13:48:13',0,934,'CONSUMO'),(763,'2018-03-30',36,'13:48:32',0,934,'CONSUMO'),(764,'2018-03-30',36,'13:48:50',0,934,'CONSUMO'),(765,'2018-03-30',36,'13:49:10',0,934,'CONSUMO'),(766,'2018-03-30',36,'13:49:28',0,934,'CONSUMO'),(767,'2018-03-30',36,'13:49:47',0,934,'CONSUMO'),(768,'2018-03-30',36,'13:50:06',0,934,'CONSUMO'),(769,'2018-03-30',36,'13:50:25',0,934,'CONSUMO'),(770,'2018-03-30',36,'13:50:43',0,934,'CONSUMO'),(771,'2018-03-30',36,'13:51:02',0,934,'CONSUMO'),(772,'2018-03-30',36,'13:51:21',0,934,'CONSUMO'),(773,'2018-03-30',36,'13:51:39',0,934,'CONSUMO'),(774,'2018-03-30',36,'13:51:58',0,934,'CONSUMO'),(775,'2018-03-30',36,'13:52:17',0,934,'CONSUMO'),(776,'2018-03-30',36,'13:52:36',0,934,'CONSUMO'),(777,'2018-03-30',36,'13:52:55',0,934,'CONSUMO'),(778,'2018-03-30',36,'13:53:14',0,934,'CONSUMO'),(779,'2018-03-30',36,'13:53:33',0,934,'CONSUMO'),(780,'2018-03-30',36,'13:53:51',0,934,'CONSUMO'),(781,'2018-03-30',36,'13:54:10',0,934,'CONSUMO'),(782,'2018-03-30',36,'13:54:29',0,934,'CONSUMO'),(783,'2018-03-30',36,'13:54:47',0,934,'CONSUMO'),(784,'2018-03-30',36,'13:55:06',0,934,'CONSUMO'),(785,'2018-03-30',36,'13:55:25',0,934,'CONSUMO'),(786,'2018-03-30',36,'13:55:44',0,934,'CONSUMO'),(787,'2018-03-30',36,'13:56:02',0,934,'CONSUMO'),(788,'2018-03-30',36,'13:56:21',0,934,'CONSUMO'),(789,'2018-03-30',36,'13:56:40',0,934,'CONSUMO'),(790,'2018-03-30',36,'13:56:59',0,934,'CONSUMO'),(791,'2018-03-30',36,'13:57:18',0,934,'CONSUMO'),(792,'2018-03-30',36,'13:57:36',0,934,'CONSUMO'),(793,'2018-03-30',36,'13:57:55',0,934,'CONSUMO'),(794,'2018-03-30',36,'13:58:14',0,934,'CONSUMO'),(795,'2018-03-30',36,'13:58:33',0,934,'CONSUMO'),(796,'2018-03-30',36,'13:58:52',0,934,'CONSUMO'),(797,'2018-03-30',36,'13:59:10',0,934,'CONSUMO'),(798,'2018-03-30',36,'13:59:29',0,934,'CONSUMO'),(799,'2018-03-30',36,'13:59:48',0,934,'CONSUMO'),(800,'2018-03-30',36,'14:00:07',0,934,'CONSUMO'),(801,'2018-03-30',36,'14:00:26',0,934,'CONSUMO'),(802,'2018-03-30',36,'14:00:44',0,934,'CONSUMO'),(803,'2018-03-30',36,'14:01:03',0,934,'CONSUMO'),(804,'2018-03-30',36,'14:01:22',0,934,'CONSUMO'),(805,'2018-03-30',36,'14:01:41',0,934,'CONSUMO'),(806,'2018-03-30',36,'14:02:00',0,934,'CONSUMO'),(807,'2018-03-30',36,'14:02:19',0,934,'CONSUMO'),(808,'2018-03-30',36,'14:02:38',0,934,'CONSUMO'),(809,'2018-03-30',36,'14:02:57',0,934,'CONSUMO'),(810,'2018-03-30',36,'14:03:16',0,934,'CONSUMO'),(811,'2018-03-30',36,'14:03:34',0,934,'CONSUMO'),(812,'2018-03-30',36,'14:03:53',0,934,'CONSUMO'),(813,'2018-03-30',36,'14:04:12',0,934,'CONSUMO'),(814,'2018-03-30',36,'14:04:31',0,934,'CONSUMO'),(815,'2018-03-30',36,'14:04:49',0,934,'CONSUMO'),(816,'2018-03-30',36,'14:05:08',0,934,'CONSUMO'),(817,'2018-03-30',36,'14:05:27',0,934,'CONSUMO'),(818,'2018-03-30',36,'14:05:46',0,934,'CONSUMO'),(819,'2018-03-30',36,'14:06:04',0,934,'CONSUMO'),(820,'2018-03-30',36,'14:06:23',0,934,'CONSUMO'),(821,'2018-03-30',36,'14:06:42',0,934,'CONSUMO'),(822,'2018-03-30',36,'14:07:00',0,934,'CONSUMO'),(823,'2018-03-30',36,'14:07:19',0,934,'CONSUMO'),(824,'2018-03-30',36,'14:07:38',0,934,'CONSUMO'),(825,'2018-03-30',36,'14:07:57',0,934,'CONSUMO'),(826,'2018-03-30',36,'14:08:16',0,934,'CONSUMO'),(827,'2018-03-30',36,'14:08:35',0,934,'CONSUMO'),(828,'2018-03-30',36,'14:08:53',0,934,'CONSUMO'),(829,'2018-03-30',36,'14:09:12',0,934,'CONSUMO'),(830,'2018-03-30',36,'14:09:31',0,934,'CONSUMO'),(831,'2018-03-30',36,'14:09:50',0,934,'CONSUMO'),(832,'2018-03-30',36,'14:10:08',0,934,'CONSUMO'),(833,'2018-03-30',36,'14:10:27',0,934,'CONSUMO'),(834,'2018-03-30',36,'14:10:46',0,934,'CONSUMO'),(835,'2018-03-30',36,'14:11:05',0,934,'CONSUMO'),(836,'2018-03-30',36,'14:11:23',0,934,'CONSUMO'),(837,'2018-03-30',36,'14:11:42',0,934,'CONSUMO'),(838,'2018-03-30',36,'14:12:01',0,934,'CONSUMO'),(839,'2018-03-30',36,'14:12:20',0,934,'CONSUMO'),(840,'2018-03-30',36,'14:12:39',0,934,'CONSUMO'),(841,'2018-03-30',36,'14:12:57',0,934,'CONSUMO'),(842,'2018-03-30',36,'14:13:16',0,934,'CONSUMO'),(843,'2018-03-30',36,'14:13:35',0,934,'CONSUMO'),(844,'2018-03-30',36,'14:13:53',0,934,'CONSUMO'),(845,'2018-03-30',36,'14:14:12',0,934,'CONSUMO'),(846,'2018-03-30',36,'14:14:31',0,934,'CONSUMO'),(847,'2018-03-30',36,'14:14:50',0,934,'CONSUMO'),(848,'2018-03-30',36,'14:15:09',0,934,'CONSUMO'),(849,'2018-03-30',36,'14:15:27',0,934,'CONSUMO'),(850,'2018-03-30',36,'14:15:46',0,934,'CONSUMO'),(851,'2018-03-30',36,'14:16:05',0,934,'CONSUMO'),(852,'2018-03-30',36,'14:16:23',0,934,'CONSUMO'),(853,'2018-03-30',36,'14:16:43',0,934,'CONSUMO'),(854,'2018-03-30',36,'14:17:02',0,934,'CONSUMO'),(855,'2018-03-30',36,'14:17:20',0,934,'CONSUMO'),(856,'2018-03-30',36,'14:17:41',112,822,'CONSUMO'),(857,'2018-03-30',36,'14:17:59',147,675,'CONSUMO'),(858,'2018-03-30',36,'14:18:15',85,590,'CONSUMO'),(859,'2018-03-30',36,'14:22:50',135,455,'CONSUMO'),(860,'2018-03-30',36,'14:23:22',67,388,'CONSUMO'),(861,'2018-03-30',36,'14:26:33',339,49,'CONSUMO'),(862,'2018-03-30',36,'14:41:22',49,0,'CONSUMO'),(863,'2018-03-30',36,'14:41:42',0,0,'CONSUMO'),(864,'2018-03-30',36,'14:41:52',0,0,'CONSUMO'),(865,'2018-03-30',36,'21:51:53',0,0,'CONSUMO'),(866,'2018-03-30',33,'21:53:39',62,7509,'CONSUMO'),(867,'2018-03-30',33,'21:54:15',40,7469,'CONSUMO'),(868,'2018-03-30',33,'21:54:55',368,7101,'CONSUMO');
/*!40000 ALTER TABLE `orderLog` ENABLE KEYS */;
UNLOCK TABLES;

--
-- Table structure for table `rfid`
--

DROP TABLE IF EXISTS `rfid`;
/*!40101 SET @saved_cs_client     = @@character_set_client */;
/*!40101 SET character_set_client = utf8 */;
CREATE TABLE `rfid` (
  `tag_number` int(11) NOT NULL AUTO_INCREMENT,
  `tag_id` varchar(16) NOT NULL,
  `balance` int(11) DEFAULT '0',
  `rank` int(11) NOT NULL DEFAULT '0',
  `flag` int(11) NOT NULL,
  PRIMARY KEY (`tag_number`),
  UNIQUE KEY `tag_id` (`tag_id`)
) ENGINE=InnoDB AUTO_INCREMENT=113 DEFAULT CHARSET=utf8mb4;
/*!40101 SET character_set_client = @saved_cs_client */;

--
-- Dumping data for table `rfid`
--

LOCK TABLES `rfid` WRITE;
/*!40000 ALTER TABLE `rfid` DISABLE KEYS */;
INSERT INTO `rfid` VALUES (1,'00705756',92781,3,0),(2,'F0476556',1947,4,0),(3,'066F6B02',2184,1,0),(4,'CA2F8F10',5791,2,0),(5,'D09AC957',0,0,0),(6,'A03381A2',0,0,0),(7,'50F95D56',0,0,0),(8,'C67B3100',0,0,0),(9,'8C943400',0,0,0),(10,'B69F8589',7101,0,0),(11,'99FBBD79',0,0,0),(12,'F528B979',0,0,0),(13,'09ACBD79',0,0,0),(14,'BC6A8689',0,0,0),(19,'96B0424B',350,0,0),(20,'F63C474B',0,0,0),(21,'D6051C4B',1864,0,0),(22,'A66C174B',0,0,0),(23,'565E344B',0,0,0),(24,'260D8102',1126,0,0),(25,'36cb2d4b',778,0,0),(26,'9691C64A',0,0,0),(27,'A609C54A',0,0,0),(28,'567EC34A',0,0,0),(29,'C69E9072',8240,0,0),(30,'265a0f4b',1013,0,0),(31,'965f0b4b',2,0,0),(32,'368a0c4b',0,0,0),(33,'961d3c4b',911,0,0),(34,'364f334b',0,0,0),(35,'a6f4164b',226,0,0),(36,'86b83c4b',761,0,0),(37,'5693324b',2539,0,0),(38,'06fb184b',0,0,0),(39,'c663da71',0,0,0),(40,'522f484b',0,0,0),(41,'e62de171',0,0,0),(42,'46d48575',3000,0,0),(43,'16a48d72',200,0,0),(44,'26630b4b',0,0,0),(45,'8601314b',0,0,0),(46,'56d1c24a',0,0,0),(47,'66478f72',133,0,0),(48,'86da7002',449,0,0),(49,'360d0c4b',1793,0,0),(50,'26ebee4a',840,0,0),(51,'2665cd4a',3949,0,0),(52,'d6d8374b',0,0,0),(53,'f6d02a4b',5145,0,0),(54,'96772d4b',1587,0,0),(55,'a6fffb72',0,0,0),(56,'c606104b',395,0,0),(57,'c649c371',158,0,0),(58,'16200e4b',0,0,0),(59,'9691184b',461,0,0),(60,'669bf64a',189,0,0),(61,'46b83e4b',20000,0,0),(62,'566d034b',0,0,0),(63,'46662a4b',240,0,0),(64,'3675174b',2,0,0),(65,'16983c4b',0,0,0),(66,'b61d3b4b',500,0,0),(67,'2673c74a',100,0,0),(68,'36abcc4a',732,0,0),(69,'4676c24a',0,0,0),(70,'d6c9c44a',0,0,0),(71,'36ad0b4b',1107,0,0),(72,'d6901b4b',0,0,0),(73,'86808972',0,0,0),(74,'66e3d64a',2168,0,0),(75,'864b4d4b',274,0,0),(76,'16033c4b',329,0,0),(77,'56463b4b',1857,0,0),(78,'66d87002',1500,0,0),(79,'d6a5034b',273,0,0),(80,'b691424b',2182,0,0),(81,'068cfd4a',1963,0,0),(82,'068d8972',0,0,0),(83,'6684434b',0,0,0),(84,'b68d2b4b',1,0,0),(85,'86ad1a4b',1878,0,0),(86,'e61b414b',1,0,0),(87,'3693194b',0,0,0),(88,'b6f1164b',1357,0,0),(89,'f61d034b',0,0,0),(90,'963d1b4b',268,0,0),(91,'d6601a4b',1630,0,0),(92,'e68a3e4b',1,0,0),(93,'e6ccc24a',1999,0,0),(94,'c6ee0e4b',600,0,0),(95,'a699df71',0,0,0),(96,'46f1164b',0,0,0),(97,'86ae0d4b',0,0,0),(98,'f6278a72',1,0,0),(99,'364b3a4b',0,0,0),(100,'9615104b',2744,0,0),(101,'96652a4b',1526,0,0),(102,'5652df4a',768,0,0),(103,'e65d0d4b',122,0,0),(104,'66f32c4b',1436,0,0),(105,'d695df4a',273,0,0),(106,'f6152a4b',623,0,0),(107,'161f0c4b',500,0,0),(108,'26fa314b',971,0,0),(109,'e6e5404b',0,0,0),(110,'26c6ca02',1200,0,0),(111,'8685f14a',9,0,0),(112,'d667414b',2377,0,0);
/*!40000 ALTER TABLE `rfid` ENABLE KEYS */;
UNLOCK TABLES;

--
-- Table structure for table `rfid_client`
--

DROP TABLE IF EXISTS `rfid_client`;
/*!40101 SET @saved_cs_client     = @@character_set_client */;
/*!40101 SET character_set_client = utf8 */;
CREATE TABLE `rfid_client` (
  `rc_client` int(11) NOT NULL AUTO_INCREMENT,
  `tag_number` int(11) NOT NULL,
  `client_id` int(11) NOT NULL,
  PRIMARY KEY (`rc_client`),
  UNIQUE KEY `tag_number_2` (`tag_number`),
  KEY `tag_number` (`tag_number`),
  KEY `client_id` (`client_id`),
  CONSTRAINT `rfid_client_ibfk_1` FOREIGN KEY (`tag_number`) REFERENCES `rfid` (`tag_number`),
  CONSTRAINT `rfid_client_ibfk_2` FOREIGN KEY (`client_id`) REFERENCES `client` (`client_id`),
  CONSTRAINT `rfid_client_ibfk_3` FOREIGN KEY (`tag_number`) REFERENCES `rfid` (`tag_number`)
) ENGINE=InnoDB AUTO_INCREMENT=141 DEFAULT CHARSET=utf8mb4;
/*!40101 SET character_set_client = @saved_cs_client */;

--
-- Dumping data for table `rfid_client`
--

LOCK TABLES `rfid_client` WRITE;
/*!40000 ALTER TABLE `rfid_client` DISABLE KEYS */;
INSERT INTO `rfid_client` VALUES (56,1,30),(57,25,31),(58,29,32),(59,10,33),(60,19,34),(61,61,35),(62,62,36),(63,51,37),(64,80,38),(65,59,39),(66,92,40),(67,69,41),(68,99,42),(69,93,43),(70,31,44),(71,91,45),(72,54,46),(73,100,47),(74,37,48),(75,36,49),(76,35,50),(77,48,51),(78,52,52),(79,47,53),(80,46,54),(81,30,55),(82,32,56),(83,33,57),(84,45,58),(85,38,59),(86,39,60),(87,49,61),(88,56,62),(89,60,63),(90,55,64),(91,53,65),(92,50,66),(93,63,67),(94,34,68),(95,64,69),(96,67,70),(97,66,71),(98,70,72),(99,72,73),(100,71,74),(101,89,75),(102,88,76),(103,86,77),(104,75,78),(105,87,79),(106,76,80),(107,84,81),(108,77,82),(109,73,83),(110,78,84),(111,85,85),(112,107,86),(113,108,87),(114,109,88),(115,111,89),(116,112,90),(117,74,91),(118,81,92),(119,82,93),(120,98,94),(121,83,95),(122,90,96),(123,104,97),(124,105,98),(125,106,99),(126,79,100),(127,101,101),(128,102,102),(129,103,103),(130,97,104),(131,95,105),(132,96,106),(133,94,107),(134,57,108),(135,65,109),(136,44,110),(137,41,111),(138,68,112),(139,40,113),(140,43,114);
/*!40000 ALTER TABLE `rfid_client` ENABLE KEYS */;
UNLOCK TABLES;

--
-- Table structure for table `taps`
--

DROP TABLE IF EXISTS `taps`;
/*!40101 SET @saved_cs_client     = @@character_set_client */;
/*!40101 SET character_set_client = utf8 */;
CREATE TABLE `taps` (
  `taps_id` int(11) NOT NULL AUTO_INCREMENT,
  `valor` int(11) DEFAULT NULL,
  `mode` int(11) NOT NULL DEFAULT '0',
  `volume` int(11) NOT NULL,
  `title` varchar(20) NOT NULL,
  PRIMARY KEY (`taps_id`)
) ENGINE=InnoDB AUTO_INCREMENT=5 DEFAULT CHARSET=latin1;
/*!40101 SET character_set_client = @saved_cs_client */;

--
-- Dumping data for table `taps`
--

LOCK TABLES `taps` WRITE;
/*!40000 ALTER TABLE `taps` DISABLE KEYS */;
INSERT INTO `taps` VALUES (1,1700,0,6846,'CHOPP PREMIUM'),(2,1500,0,3949,'PILSEN'),(3,1800,0,558,'trigo claro'),(4,349,0,24447,'PILSSEN');
/*!40000 ALTER TABLE `taps` ENABLE KEYS */;
UNLOCK TABLES;

--
-- Table structure for table `user`
--

DROP TABLE IF EXISTS `user`;
/*!40101 SET @saved_cs_client     = @@character_set_client */;
/*!40101 SET character_set_client = utf8 */;
CREATE TABLE `user` (
  `user_id` int(11) NOT NULL AUTO_INCREMENT,
  `name` varchar(40) NOT NULL,
  `login` varchar(20) NOT NULL,
  `password` varchar(20) NOT NULL,
  `cpf` varchar(11) NOT NULL,
  `job` enum('admin','func') NOT NULL,
  PRIMARY KEY (`user_id`),
  UNIQUE KEY `cpf` (`cpf`),
  UNIQUE KEY `login` (`login`)
) ENGINE=InnoDB AUTO_INCREMENT=6 DEFAULT CHARSET=utf8mb4;
/*!40101 SET character_set_client = @saved_cs_client */;

--
-- Dumping data for table `user`
--

LOCK TABLES `user` WRITE;
/*!40000 ALTER TABLE `user` DISABLE KEYS */;
INSERT INTO `user` VALUES (1,'Leonardo','MandaChopp','mandachopp','123','admin'),(2,'Mateus','mateus','mateus','01231185228','func'),(3,'Leoallan','leo','lindo','94847126220','func'),(4,'guilherme','sagava','sagava','02080468286','func'),(5,'teste','12345678','12345678','0123456','func');
/*!40000 ALTER TABLE `user` ENABLE KEYS */;
UNLOCK TABLES;
/*!40103 SET TIME_ZONE=@OLD_TIME_ZONE */;

/*!40101 SET SQL_MODE=@OLD_SQL_MODE */;
/*!40014 SET FOREIGN_KEY_CHECKS=@OLD_FOREIGN_KEY_CHECKS */;
/*!40014 SET UNIQUE_CHECKS=@OLD_UNIQUE_CHECKS */;
/*!40101 SET CHARACTER_SET_CLIENT=@OLD_CHARACTER_SET_CLIENT */;
/*!40101 SET CHARACTER_SET_RESULTS=@OLD_CHARACTER_SET_RESULTS */;
/*!40101 SET COLLATION_CONNECTION=@OLD_COLLATION_CONNECTION */;
/*!40111 SET SQL_NOTES=@OLD_SQL_NOTES */;

-- Dump completed on 2018-03-31 14:25:47
